Name,G21,Team,Pts,Reb,Ast,MP,MinKP120,Pts20,Reb20,Ast20,Min20,G20,ACC_G,ACC_Pts,ACC_Reb,ACC_Ast,ACC_MP
Sam Hauser,4.0,virginia,14.5,6.8,1.8,29.8,34.0,,,,,0,0,0,0,0,0
Jay Huff,4.0,virginia,12.3,6.8,0.5,23.5,26.0,8.5,6.2,0.8,25.0,30.0,0,0,0,0,0
Trey Murphy,4.0,virginia,10.8,3.0,0.8,19.5,25.0,13.7,5.5,1.2,30.2,29.0,0,0,0,0,0
Kihei Clark,4.0,virginia,7.5,0.8,2.8,27.8,32.0,10.8,4.2,5.9,37.1,30.0,0,0,0,0,0
Thomas Woldetensae,4.0,virginia,5.8,1.5,2.0,19.0,10.0,6.6,2.2,1.1,27.1,29.0,0,0,0,0,0
Reece Beekman,4.0,virginia,5.0,2.8,1.5,25.0,27.0,,,,,0,0,0,0,0,0
Justin McKoy,4.0,virginia,5.0,3.8,1.5,17.5,18.0,1.0,1.1,0.1,7.4,14.0,0,0,0,0,0
Casey Morsell,4.0,virginia,5.0,1.3,1.3,14.5,13.0,4.0,1.7,0.7,21.8,30.0,0,0,0,0,0
Kadin Shedrick,4.0,virginia,3.5,2.8,0.3,10.3,8.0,,,,,0,0,0,0,0,0
Kody Stattmann,3.0,virginia,4.7,2.3,0.7,11.0,7.0,3.6,2.4,0.7,21.5,24.0,0,0,0,0,0
Jabri Abdur-Rahim,2.0,virginia,1.5,0.5,0.5,7.5,,,,,,0,0,0,0,0,0
Carson McCorkle,2.0,virginia,1.0,1.5,1.0,5.0,,,,,,0,0,0,0,0,0
Francisco Caffaro,2.0,virginia,0.0,0.5,0.0,4.5,,1.4,1.2,0.0,7.5,20.0,0,0,0,0,0
Chase Coleman,2.0,virginia,0.0,0.5,0.0,1.5,,0.7,0.5,0.2,5.2,17.0,0,0,0,0,0
Austin Katstra,2.0,virginia,0.0,0.5,0.0,1.5,,0.0,5.0,0.0,4.0,1.0,0,0,0,0,0
Jayden Nixon,1.0,virginia,0.0,1.0,0.0,2.0,,0.4,0.4,0.0,3.6,5.0,0,0,0,0,0
Malachi Poindexter,2.0,virginia,0.0,0.0,0.0,1.5,,,,,,0,0,0,0,0,0
Matthew Hurt,5.0,duke,18.8,7.6,1.2,33.0,34.0,9.7,3.8,0.9,20.5,31.0,1,18.0,5.0,3.0,38.0
DJ Steward,5.0,duke,12.6,4.6,2.6,30.0,28.5,,,,,0,1,16.0,7.0,1.0,29.0
Jalen Johnson,4.0,duke,11.5,8.3,1.8,23.8,23.0,,,,,0,0,0,0,0,0
Jeremy Roach,5.0,duke,8.6,2.4,3.0,27.2,33.0,,,,,0,1,14.0,1.0,0.0,35.0
Jaemyn Brakefield,5.0,duke,7.8,4.2,0.4,15.4,21.0,,,,,0,1,10.0,5.0,1.0,24.0
Jordan Goldwire,5.0,duke,6.6,3.2,3.4,30.2,34.5,4.7,2.5,2.3,24.1,31.0,1,9.0,3.0,2.0,33.0
Wendell Moore,5.0,duke,3.8,2.8,1.0,18.4,8.0,7.4,4.2,1.9,24.0,25.0,1,0.0,4.0,0.0,9.0
Mark Williams,5.0,duke,2.6,2.6,0.8,7.6,7.5,,,,,0,1,4.0,2.0,0.0,8.0
Joey Baker,5.0,duke,2.2,1.4,0.2,13.8,15.5,5.0,0.9,0.8,12.1,28.0,1,2.0,0.0,0.0,15.0
Henry Coleman,3.0,duke,1.3,0.7,0.0,3.7,2.0,,,,,0,0,0,0,0,0
Patrick Tape,3.0,duke,1.3,1.3,0.3,5.3,5.5,,,,,0,1,2.0,3.0,1.0,9.0
Mike Buckmire,0.0,duke,,,,,,0.3,0.9,0.1,2.0,8.0,0,0,0,0,0
Michael Savarino,0.0,duke,,,,,,,,,,0,0,0,0,0,0
Keenan Worthington,0.0,duke,,,,,,,,,,0,0,0,0,0,0
M.J. Walker,4.0,florida-state,16.8,2.8,1.8,33.3,35.333333333333336,10.6,1.7,1.5,25.2,26.0,1,14.0,4.0,1.0,35.0
Scottie Barnes,4.0,florida-state,12.5,4.5,4.3,28.0,29.333333333333332,,,,,0,1,16.0,6.0,1.0,30.0
Balsa Koprivica,4.0,florida-state,10.3,6.0,1.0,20.0,21.0,4.7,2.4,0.3,10.3,27.0,1,10.0,8.0,3.0,26.0
Anthony Polite,4.0,florida-state,10.0,4.3,1.8,30.0,31.666666666666668,5.8,2.9,1.1,19.7,31.0,1,10.0,1.0,3.0,34.0
Raiquan Gray,4.0,florida-state,7.3,7.0,2.3,25.5,28.0,6.0,3.8,1.4,19.5,29.0,1,4.0,6.0,2.0,30.0
Wyatt Wilkes,4.0,florida-state,5.0,1.8,2.3,13.0,12.0,3.5,1.0,0.5,9.1,28.0,1,11.0,1.0,1.0,11.0
Sardaar Calhoun,4.0,florida-state,4.0,1.3,0.5,10.5,9.0,,,,,0,1,2.0,1.0,1.0,6.0
Malik Osborne,4.0,florida-state,3.8,3.8,0.5,22.0,23.666666666666668,6.0,4.9,0.5,19.3,31.0,1,2.0,1.0,1.0,19.0
Nathanael Jack,3.0,florida-state,4.0,0.0,0.3,6.0,4.0,3.3,0.8,0.4,5.7,13.0,1,3.0,0.0,0.0,5.0
RayQuan Evans,3.0,florida-state,3.0,2.0,1.3,15.7,15.5,3.1,1.2,1.4,11.1,30.0,0,0,0,0,0
Tanor Ngom,3.0,florida-state,3.0,1.3,0.0,5.3,4.0,,,,,0,0,0,0,0,0
Quincy Ballard,4.0,florida-state,1.0,0.5,0.0,3.5,2.3333333333333335,,,,,0,1,2.0,1.0,0.0,4.0
Harrison Prieto,1.0,florida-state,0.0,0.0,0.0,1.0,1.0,0.9,1.0,0.1,3.5,10.0,0,0,0,0,0
Travis Light,0.0,florida-state,,,,,,1.2,0.0,0.0,1.7,9.0,0,0,0,0,0
Justin Linder,0.0,florida-state,,,,,,,,,,0,0,0,0,0,0
Will Miles,0.0,florida-state,,,,,,0.2,0.1,0.1,1.8,9.0,0,0,0,0,0
Isaac Spainhour,0.0,florida-state,,,,,,,,,,0,0,0,0,0,0
Max Thorpe,0.0,florida-state,,,,,,,,,,0,0,0,0,0,0
Cleveland Yates,0.0,florida-state,,,,,,0.0,0.2,0.0,1.2,6.0,0,0,0,0,0
Devon Daniels,4.0,north-carolina-state,17.3,4.5,2.8,30.5,36.0,12.7,5.3,2.2,31.1,32.0,0,0,0,0,0
Jericole Hellems,4.0,north-carolina-state,12.0,4.8,2.3,26.0,35.0,9.5,3.4,1.0,25.5,31.0,0,0,0,0,0
Manny Bates,4.0,north-carolina-state,10.3,6.0,0.5,23.3,37.0,5.1,4.0,0.3,18.4,29.0,0,0,0,0,0
Braxton Beverly,4.0,north-carolina-state,9.3,0.8,3.8,25.0,34.0,7.1,1.6,1.2,24.8,32.0,0,0,0,0,0
Cam Hayes,3.0,north-carolina-state,11.3,0.0,5.3,19.3,,,,,,0,0,0,0,0,0
Thomas Allen,4.0,north-carolina-state,7.0,1.3,0.3,22.3,34.0,,,,,0,0,0,0,0,0
DJ Funderburk,3.0,north-carolina-state,8.3,3.3,0.0,19.7,,12.8,6.1,0.3,26.0,30.0,0,0,0,0,0
Dereon Seabron,4.0,north-carolina-state,5.5,2.5,1.3,12.3,10.0,,,,,0,0,0,0,0,0
Shakeel Moore,4.0,north-carolina-state,4.5,1.5,1.3,14.3,13.0,,,,,0,0,0,0,0,0
Jaylon Gibson,4.0,north-carolina-state,2.3,2.0,0.0,6.3,1.0,,,,,0,0,0,0,0,0
Chase Graham,3.0,north-carolina-state,1.7,0.0,0.0,2.3,,0.6,0.1,0.0,1.5,13.0,0,0,0,0,0
Ebenezer Dowuona,3.0,north-carolina-state,0.7,1.3,0.0,9.0,,,,,,0,0,0,0,0,0
Max Farthing,3.0,north-carolina-state,0.7,0.0,0.0,2.7,,0.3,0.5,0.0,2.1,12.0,0,0,0,0,0
Nick Farrar,1.0,north-carolina-state,0.0,0.0,0.0,2.0,,,,,,0,0,0,0,0,0
Keve Aluma,6.0,virginia-tech,15.3,7.2,1.0,27.3,29.333333333333332,,,,,0,1,13.0,4.0,2.0,25.0
Tyrece Radford,6.0,virginia-tech,11.7,5.3,2.5,33.8,35.333333333333336,10.2,6.2,1.7,26.3,32.0,1,15.0,2.0,1.0,36.0
Nahiem Alleyne,6.0,virginia-tech,11.3,1.7,1.0,27.3,27.666666666666668,8.8,2.3,1.4,26.0,32.0,1,13.0,4.0,2.0,29.0
Hunter Cattoor,6.0,virginia-tech,7.3,2.2,0.3,16.3,18.0,6.5,2.5,1.1,20.3,31.0,1,11.0,6.0,0.0,20.0
Wabissa Bede,6.0,virginia-tech,6.7,2.2,2.2,26.5,26.666666666666668,5.2,3.7,5.5,29.7,32.0,1,5.0,2.0,1.0,33.0
Justyn Mutts,6.0,virginia-tech,5.2,5.5,2.7,25.7,30.0,12.2,8.4,2.2,31.8,33.0,1,4.0,2.0,3.0,25.0
Cartier Diarra,4.0,virginia-tech,7.5,2.5,2.3,19.8,20.5,13.3,3.8,4.2,31.3,32.0,0,0,0,0,0
Cordell Pemsl,6.0,virginia-tech,3.3,3.5,0.2,13.2,13.666666666666666,2.8,3.2,1.2,12.7,28.0,1,5.0,5.0,0.0,15.0
Jalen Cone,3.0,virginia-tech,4.7,1.3,0.7,15.3,12.0,8.0,1.1,0.7,18.4,32.0,1,0.0,1.0,0.0,12.0
David N'Guessan,5.0,virginia-tech,1.2,2.6,0.2,7.8,6.5,,,,,0,1,0.0,3.0,0.0,5.0
Joseph Bamisile,5.0,virginia-tech,0.8,1.6,0.0,7.0,8.5,,,,,0,0,0,0,0,0
Darius Maddox,2.0,virginia-tech,0.0,0.0,0.0,2.5,,,,,,0,0,0,0,0,0
John Ojiako,0.0,virginia-tech,,,,,,2.7,2.7,0.1,10.4,31.0,0,0,0,0,0
Gill Williamson,0.0,virginia-tech,,,,,,,,,,0,0,0,0,0,0
Grant Yates,0.0,virginia-tech,,,,,,,,,,0,0,0,0,0,0
Wynston Tabbs,6.0,boston-college,16.2,3.7,1.5,28.2,28.0,,,,,0,1,11.0,0.0,3.0,22.0
Rich Kelly,6.0,boston-college,11.0,0.8,2.2,22.7,22.8,16.7,2.6,4.5,34.3,30.0,1,12.0,1.0,5.0,24.0
CJ Felder,6.0,boston-college,9.3,4.2,1.0,25.5,24.8,5.6,3.9,0.6,20.5,31.0,1,2.0,1.0,2.0,20.0
Jay Heath,5.0,boston-college,11.0,2.8,2.0,32.2,32.75,13.1,3.4,2.1,33.3,31.0,1,5.0,1.0,2.0,27.0
Makai Ashton-Langford,6.0,boston-college,8.5,3.5,2.8,26.2,26.8,,,,,0,1,5.0,3.0,1.0,25.0
Steffon Mitchell,6.0,boston-college,6.0,6.5,1.2,29.8,29.8,7.8,8.7,3.1,32.5,31.0,1,0.0,5.0,0.0,20.0
James Karnik,3.0,boston-college,11.3,7.0,0.3,23.7,23.666666666666668,12.2,7.2,1.0,28.4,22.0,1,20.0,8.0,0.0,28.0
DeMarr Langford Jr.,6.0,boston-college,4.3,3.2,1.2,19.3,19.6,,,,,0,1,6.0,4.0,1.0,20.0
Frederick Scott,3.0,boston-college,5.3,2.0,0.3,14.3,12.5,12.6,5.2,1.4,28.9,30.0,0,0,0,0,0
Lucas Kraljevic,2.0,boston-college,1.5,0.5,0.5,3.0,5.0,0.9,0.9,0.3,6.4,22.0,0,0,0,0,0
Andrew Kenny,1.0,boston-college,2.0,1.0,1.0,6.0,6.0,1.7,0.7,0.0,7.2,6.0,1,2.0,1.0,1.0,6.0
Justin Vander Baan,4.0,boston-college,0.0,0.3,0.0,2.0,2.0,,,,,0,1,0.0,1.0,0.0,3.0
Kamari Williams,4.0,boston-college,0.0,0.5,0.0,5.0,5.0,2.5,0.8,0.3,11.2,25.0,1,0.0,0.0,0.0,5.0
Andre Adams,0.0,boston-college,,,,,,9.0,6.5,0.8,22.5,23.0,0,0,0,0,0
Abe Atiyeh,0.0,boston-college,,,,,,,,,,0,0,0,0,0,0
Sam Holtze,0.0,boston-college,,,,,,0.8,0.3,0.0,1.0,4.0,0,0,0,0,0
Will Jackowitz,0.0,boston-college,,,,,,0.0,0.3,0.0,1.7,3.0,0,0,0,0,0
Jonathan Noel,0.0,boston-college,,,,,,0.0,0.3,0.0,1.0,3.0,0,0,0,0,0
Garrison Brooks,6.0,north-carolina,11.8,7.7,1.0,27.8,31.0,16.8,8.5,2.0,34.9,32.0,0,0,0,0,0
RJ Davis,6.0,north-carolina,11.2,3.5,2.8,30.2,31.0,,,,,0,0,0,0,0,0
Caleb Love,6.0,north-carolina,11.2,2.5,3.3,30.5,32.666666666666664,,,,,0,0,0,0,0,0
Armando Bacot,6.0,north-carolina,11.0,8.8,0.2,22.7,22.333333333333332,9.6,8.3,1.2,24.5,32.0,0,0,0,0,0
Day'Ron Sharpe,6.0,north-carolina,8.5,6.7,1.8,18.2,16.333333333333332,,,,,0,0,0,0,0,0
Andrew Platek,6.0,north-carolina,6.8,1.5,0.3,14.8,12.666666666666666,3.9,2.1,1.4,18.1,31.0,0,0,0,0,0
Leaky Black,6.0,north-carolina,6.5,7.5,1.5,28.8,32.333333333333336,6.5,5.0,2.6,29.7,32.0,0,0,0,0,0
Walker Kessler,6.0,north-carolina,4.0,2.3,0.0,8.5,8.0,,,,,0,0,0,0,0,0
Puff Johnson,6.0,north-carolina,1.2,0.3,0.0,3.8,3.6666666666666665,,,,,0,0,0,0,0,0
Kerwin Walton,6.0,north-carolina,1.0,1.3,1.5,10.3,9.0,,,,,0,0,0,0,0,0
Walker Miller,2.0,north-carolina,2.0,0.5,0.0,3.5,,0.5,0.6,0.1,2.7,23.0,0,0,0,0,0
K.J. Smith,3.0,north-carolina,0.3,0.7,0.0,2.7,3.0,0.9,0.7,0.8,6.2,20.0,0,0,0,0,0
Duwe Farris,2.0,north-carolina,0.0,0.5,0.0,1.5,,,,,,0,0,0,0,0,0
Creighton Lebo,2.0,north-carolina,0.0,0.5,0.0,1.5,,,,,,0,0,0,0,0,0
Ryan McAdoo,2.0,north-carolina,0.0,0.0,0.0,2.5,,0.1,0.1,0.1,1.3,9.0,0,0,0,0,0
Anthony Harris,0.0,north-carolina,,,,,,6.8,1.0,0.6,12.0,5.0,0,0,0,0,0
Sterling Manley,0.0,north-carolina,,,,,,,,,,0,0,0,0,0,0
Quincy Guerrier,6.0,syracuse,16.5,9.8,1.2,32.3,33.0,6.9,5.3,0.6,20.3,32.0,1,14.0,5.0,2.0,30.0
Alan Griffin,6.0,syracuse,15.3,7.2,3.0,31.2,33.0,8.9,4.5,0.6,18.1,28.0,1,22.0,10.0,4.0,29.0
Joseph Girard,6.0,syracuse,12.7,3.8,4.2,33.5,30.0,12.4,3.0,3.5,33.0,32.0,1,17.0,5.0,5.0,26.0
Marek Dolezaj,6.0,syracuse,11.5,5.7,4.2,32.7,32.5,10.4,6.4,2.7,33.3,32.0,1,10.0,6.0,7.0,28.0
Kadary Richmond,6.0,syracuse,7.8,3.8,4.0,25.0,28.5,,,,,0,1,9.0,2.0,3.0,20.0
Buddy Boeheim,3.0,syracuse,13.3,1.3,2.3,32.0,25.0,15.3,1.9,2.2,35.6,32.0,1,17.0,0.0,2.0,25.0
Woody Newton,5.0,syracuse,7.0,4.0,0.2,13.4,12.0,,,,,0,1,9.0,4.0,0.0,15.0
Robert Braswell,5.0,syracuse,1.6,1.4,0.0,8.2,7.0,1.7,1.1,0.0,6.9,7.0,1,0.0,2.0,0.0,11.0
Frank Anselem,4.0,syracuse,1.5,1.3,0.0,6.5,9.0,,,,,0,1,0.0,3.0,0.0,9.0
Jesse Edwards,4.0,syracuse,0.8,0.5,0.0,3.0,4.0,2.4,1.7,0.0,6.9,21.0,1,3.0,0.0,0.0,4.0
John Bol Ajak,4.0,syracuse,0.5,0.8,0.5,6.5,5.0,,,,,0,1,0.0,1.0,0.0,3.0
Bourama Sidibe,1.0,syracuse,2.0,1.0,0.0,4.0,,6.0,7.6,0.2,24.0,32.0,0,0,0,0,0
Arthur Cordes,0.0,syracuse,,,,,,,,,,0,0,0,0,0,0
Shane Feldman,0.0,syracuse,,,,,,,,,,0,0,0,0,0,0
Nick Giancola,0.0,syracuse,,,,,,0.0,0.0,0.0,1.2,5.0,0,0,0,0,0
Chris LaValle,0.0,syracuse,,,,,,0.0,0.0,0.6,1.2,5.0,0,0,0,0,0
Chad Owens,0.0,syracuse,,,,,,,,,,0,0,0,0,0,0
Carlik Jones,4.0,louisville,17.3,7.0,5.3,36.3,39.5,20.0,5.1,5.5,33.0,32.0,0,0,0,0,0
Dre Davis,4.0,louisville,12.5,4.0,1.0,30.8,29.5,,,,,0,0,0,0,0,0
David Johnson,4.0,louisville,12.3,5.0,5.0,33.3,36.5,6.3,2.8,2.8,16.0,27.0,0,0,0,0,0
Jae'lyn Withers,4.0,louisville,11.8,7.3,1.0,26.8,29.0,,,,,0,0,0,0,0,0
JJ Traynor,4.0,louisville,7.3,4.0,0.0,19.0,21.5,,,,,0,0,0,0,0,0
Quinn Slazinski,4.0,louisville,6.8,5.0,0.8,25.8,23.5,1.0,0.7,0.2,3.0,15.0,0,0,0,0,0
Samuell Williamson,2.0,louisville,11.5,4.5,3.0,27.5,21.0,4.4,2.5,0.6,15.3,31.0,0,0,0,0,0
Aidan Igiehon,4.0,louisville,3.3,2.0,0.0,8.5,8.0,1.0,1.3,0.0,4.7,13.0,0,0,0,0,0
Hogan Orbaugh,3.0,louisville,1.0,0.3,0.0,1.0,1.0,0.0,0.0,0.0,1.0,4.0,0,0,0,0,0
Gabe Wiznitzer,3.0,louisville,0.3,1.3,0.7,4.7,1.0,,,,,0,0,0,0,0,0
Brad Colbert,3.0,louisville,0.0,0.0,0.0,2.0,1.0,,,,,0,0,0,0,0,0
Ashton Myles-Devore,1.0,louisville,0.0,0.0,0.0,1.0,1.0,,,,,0,0,0,0,0,0
Sam Bearden,0.0,louisville,,,,,,,,,,0,0,0,0,0,0
Charles Minlend,0.0,louisville,,,,,,14.4,4.7,1.8,29.4,34.0,0,0,0,0,0
Josh Nickelberry,0.0,louisville,,,,,,0.8,0.2,0.1,3.7,15.0,0,0,0,0,0
Drew Schultz,0.0,louisville,,,,,,,,,,0,0,0,0,0,0
Malik Williams,0.0,louisville,,,,,,8.5,6.1,0.3,18.7,26.0,0,0,0,0,0
Justin Champagnie,6.0,pittsburgh,17.8,12.3,2.0,32.0,40.0,12.7,7.0,0.7,32.9,33.0,1,10.0,9.0,3.0,24.0
Au'Diese Toney,6.0,pittsburgh,16.2,5.0,2.7,33.8,33.0,9.5,4.8,1.2,30.5,31.0,1,15.0,5.0,3.0,39.0
Xavier Johnson,6.0,pittsburgh,15.2,4.7,6.0,28.0,34.0,11.7,3.7,4.9,33.2,33.0,1,7.0,4.0,3.0,21.0
Ithiel Horton,6.0,pittsburgh,7.5,1.8,1.8,21.7,14.0,,,,,0,1,18.0,2.0,2.0,26.0
John Hugley,6.0,pittsburgh,4.8,3.8,0.3,13.3,10.0,,,,,0,1,9.0,0.0,1.0,13.0
Karim Coulibaly,6.0,pittsburgh,4.0,4.7,1.0,19.0,21.0,2.7,1.7,0.2,9.9,26.0,1,4.0,4.0,2.0,22.0
William Jeffress,6.0,pittsburgh,2.8,2.5,0.7,18.3,33.0,,,,,0,1,0.0,0.0,0.0,9.0
Femi Odukale,6.0,pittsburgh,2.2,1.3,1.3,12.5,7.0,,,,,0,1,4.0,3.0,1.0,19.0
Terrell Brown,5.0,pittsburgh,1.8,2.4,0.0,6.2,1.0,4.9,3.5,0.2,18.0,33.0,1,0.0,1.0,0.0,5.0
Gerald Drumgoole,4.0,pittsburgh,1.3,1.0,0.3,5.8,,1.2,1.1,0.4,8.9,21.0,0,0,0,0,0
Noah Collier,6.0,pittsburgh,0.7,1.0,0.5,7.2,7.0,,,,,0,1,0.0,4.0,1.0,12.0
Onyebuchi Ezeakudo,3.0,pittsburgh,1.0,0.0,0.3,2.7,,0.2,0.5,0.3,3.3,12.0,1,0.0,0.0,0.0,2.0
Nike Sibande,1.0,pittsburgh,3.0,2.0,0.0,8.0,,13.9,5.9,1.7,28.7,31.0,1,3.0,2.0,0.0,8.0
Max Amadasun,2.0,pittsburgh,1.0,0.0,0.0,2.5,,,,,,0,0,0,0,0,0
Curtis Aiken Jr,1.0,pittsburgh,1.0,0.0,0.0,3.0,,0.3,0.3,0.2,1.0,6.0,0,0,0,0,0
Aidan Fisch,2.0,pittsburgh,0.0,0.5,0.0,2.0,,,,,,0,0,0,0,0,0
Chayce Smith,2.0,pittsburgh,0.0,1.0,0.0,1.5,,0.0,1.0,0.0,2.0,1.0,0,0,0,0,0
Aamir Simms,6.0,clemson,12.2,3.8,2.2,23.3,27.75,13.0,7.2,2.6,31.6,30.0,1,15.0,3.0,1.0,31.0
Al-Amir Dawes,6.0,clemson,10.8,2.7,2.5,27.7,30.0,9.0,2.8,2.5,29.8,31.0,1,18.0,4.0,3.0,37.0
Nick Honor,6.0,clemson,8.7,1.0,2.3,23.0,24.5,,,,,0,1,3.0,2.0,4.0,24.0
Clyde Trapp,6.0,clemson,5.7,4.7,2.0,23.2,25.25,6.0,3.9,2.5,25.6,21.0,1,9.0,3.0,1.0,24.0
Hunter Tyson,5.0,clemson,6.6,4.6,0.2,15.0,11.666666666666666,5.5,3.0,0.4,13.6,31.0,0,0,0,0,0
Jonathan Baehre,6.0,clemson,5.0,2.7,1.2,17.8,21.25,0.0,3.5,0.0,13.5,2.0,1,7.0,3.0,0.0,23.0
John Newman,6.0,clemson,4.8,2.7,1.0,21.2,21.75,9.5,3.9,2.2,31.6,31.0,1,2.0,3.0,0.0,19.0
PJ Hall,5.0,clemson,4.6,2.8,0.0,12.4,9.75,,,,,0,1,2.0,1.0,0.0,9.0
Olivier-Maxence Prosper,6.0,clemson,3.0,2.5,0.3,10.0,9.5,,,,,0,1,0.0,1.0,0.0,9.0
Alex Hemenway,6.0,clemson,2.8,1.3,0.2,11.3,7.0,4.8,0.9,0.4,12.2,15.0,1,0.0,0.0,0.0,8.0
Chase Hunter,6.0,clemson,2.7,2.2,0.8,14.3,13.0,5.3,1.0,1.6,19.3,9.0,1,4.0,3.0,1.0,16.0
Parker Fox,2.0,clemson,2.0,0.5,0.0,2.0,1.0,0.6,0.3,0.1,2.3,8.0,0,0,0,0,0
Lynn Kidd,4.0,clemson,1.0,1.0,0.3,5.5,1.5,,,,,0,0,0,0,0,0
O'Neil McBride,2.0,clemson,1.0,0.5,0.0,1.5,1.0,0.3,0.8,0.3,2.0,8.0,0,0,0,0,0
Wells Hoag,2.0,clemson,0.0,0.0,0.0,1.5,1.0,0.7,0.3,0.0,2.6,7.0,0,0,0,0,0
Prentiss Hubb,5.0,notre-dame,19.4,3.4,4.0,37.2,36.5,12.1,2.4,5.1,35.3,32.0,1,12.0,1.0,3.0,36.0
Dane Goodwin,5.0,notre-dame,15.4,5.0,2.4,38.4,38.0,10.8,3.8,1.3,26.1,32.0,1,25.0,1.0,2.0,37.0
Nate Laszewski,5.0,notre-dame,14.6,9.2,0.2,34.6,33.0,7.4,4.6,0.5,21.0,32.0,1,7.0,8.0,0.0,28.0
Cormac Ryan,5.0,notre-dame,10.2,4.4,4.0,37.0,36.0,,,,,0,1,5.0,5.0,3.0,34.0
Juwan Durham,5.0,notre-dame,6.8,5.6,1.8,24.6,20.5,7.8,4.6,0.8,17.5,32.0,1,7.0,1.0,1.0,19.0
Trey Wertz,1.0,notre-dame,9.0,3.0,1.0,21.0,21.0,11.9,3.5,3.9,28.6,31.0,1,9.0,3.0,1.0,21.0
Tony Sanders,5.0,notre-dame,1.4,0.2,0.0,8.8,4.0,,,,,0,1,0.0,1.0,0.0,5.0
Matt Zona,5.0,notre-dame,1.2,2.0,0.4,4.8,4.0,,,,,0,1,0.0,1.0,1.0,1.0
Nikola Djogo,3.0,notre-dame,1.7,2.0,1.0,17.0,17.5,0.6,1.0,0.5,5.7,25.0,1,0.0,2.0,1.0,19.0
Elijah Morgan,1.0,notre-dame,3.0,0.0,0.0,1.0,,0.6,0.1,0.4,1.9,12.0,0,0,0,0,0
Robby Carmody,0.0,notre-dame,,,,,,5.4,1.6,0.6,13.7,7.0,0,0,0,0,0
Elijah Taylor,0.0,notre-dame,,,,,,,,,,0,0,0,0,0,0
Moses Wright,6.0,georgia-tech,20.2,8.2,1.7,37.3,33.0,13.0,7.0,0.9,30.4,31.0,1,12.0,2.0,0.0,33.0
Jose Alvarado,6.0,georgia-tech,14.8,3.3,3.5,37.3,33.0,14.4,3.4,4.0,33.5,24.0,1,7.0,1.0,1.0,38.0
Michael Devoe,6.0,georgia-tech,14.3,5.3,3.2,36.2,27.0,16.0,3.9,3.4,35.1,28.0,1,21.0,4.0,0.0,35.0
Bubba Parham,6.0,georgia-tech,10.8,3.8,2.2,33.7,37.0,5.2,2.4,1.8,26.6,31.0,1,0.0,2.0,1.0,17.0
Jordan Usher,6.0,georgia-tech,10.3,5.5,2.5,26.0,20.5,8.2,4.4,2.1,26.6,23.0,1,12.0,4.0,3.0,26.0
Khalid Moore,6.0,georgia-tech,4.8,4.2,0.8,23.5,24.0,3.3,2.1,1.1,17.1,29.0,1,4.0,6.0,4.0,26.0
Kyle Sturdivant,6.0,georgia-tech,3.7,1.5,1.2,15.2,25.5,2.0,1.1,1.2,8.3,21.0,1,5.0,1.0,2.0,23.0
Rodney Howard,3.0,georgia-tech,2.0,1.7,0.0,7.3,,1.3,1.5,0.1,7.3,24.0,0,0,0,0,0
Saba Gigiberia,3.0,georgia-tech,0.7,2.0,0.0,5.0,,,,,,0,1,0.0,0.0,0.0,2.0
Jordan Meka,1.0,georgia-tech,0.0,1.0,0.0,8.0,,,,,,0,0,0,0,0,0
Coleman Boyd,0.0,georgia-tech,,,,,,1.3,0.5,0.8,2.0,4.0,0,0,0,0,0
Niko Broadway,0.0,georgia-tech,,,,,,0.7,1.3,0.3,1.3,3.0,0,0,0,0,0
David Didenko,0.0,georgia-tech,,,,,,0.5,1.0,0.0,4.2,6.0,0,0,0,0,0
Jehloni James,0.0,georgia-tech,,,,,,2.0,0.0,0.0,1.0,1.0,0,0,0,0,0
Tristan Maxwell,0.0,georgia-tech,,,,,,,,,,0,0,0,0,0,0
Shaheed Medlock,0.0,georgia-tech,,,,,,0.0,0.0,0.0,1.0,3.0,0,0,0,0,0
Malachi Rice,0.0,georgia-tech,,,,,,0.0,0.0,0.0,1.0,1.0,0,0,0,0,0
Jonah Antonio,2.0,wake-forest,13.0,1.5,0.5,18.5,,6.9,2.4,0.8,22.0,25.0,0,0,0,0,0
Ian Dubose,2.0,wake-forest,11.0,4.5,4.5,27.0,,19.0,7.3,3.8,33.1,29.0,0,0,0,0,0
Tariq Ingraham,2.0,wake-forest,11.0,2.5,0.5,12.5,,,,,,0,0,0,0,0,0
Jalen Johnson,2.0,wake-forest,10.0,5.0,1.5,21.5,,3.5,2.0,1.0,15.6,31.0,0,0,0,0,0
Ismael Massoud,2.0,wake-forest,9.5,2.0,0.5,15.0,,4.8,2.0,0.3,12.2,31.0,0,0,0,0,0
Jahcobi Neath,2.0,wake-forest,9.0,3.5,3.0,22.0,,5.3,1.9,2.2,18.5,30.0,0,0,0,0,0
Daivien Williamson,2.0,wake-forest,7.5,3.0,1.5,27.5,,10.4,2.0,2.6,27.9,34.0,0,0,0,0,0
Isaiah Mucius,2.0,wake-forest,6.5,3.5,0.0,19.0,,7.3,4.7,0.9,22.8,30.0,0,0,0,0,0
Isaiah Wilkins,2.0,wake-forest,6.0,2.5,2.0,21.5,,4.3,2.6,1.3,14.4,32.0,0,0,0,0,0
Quadry Adams,2.0,wake-forest,5.5,1.0,0.5,6.0,,,,,,0,0,0,0,0,0
Emmanuel Okpomo,1.0,wake-forest,2.0,2.0,0.0,7.0,,,,,,0,0,0,0,0,0
Grant Van Beveren,1.0,wake-forest,2.0,2.0,0.0,4.0,,0.4,0.0,0.0,0.8,5.0,0,0,0,0,0
Blake Buchanan,1.0,wake-forest,0.0,2.0,0.0,4.0,,0.0,0.0,0.1,1.1,7.0,0,0,0,0,0
Miles Lester,1.0,wake-forest,0.0,0.0,1.0,4.0,,0.0,0.1,0.0,0.7,7.0,0,0,0,0,0
Anthony Mathis Jr.,0.0,wake-forest,,,,,,,,,,0,0,0,0,0,0
Ody Oguama,0.0,wake-forest,,,,,,2.9,3.9,0.1,14.9,31.0,0,0,0,0,0
Sunday Okeke,0.0,wake-forest,,,,,,0.0,1.5,0.0,2.5,2.0,0,0,0,0,0
Isaiah Wong,5.0,miami-fl,17.8,5.6,1.6,35.4,34.0,7.7,3.0,1.0,21.2,31.0,1,21.0,3.0,1.0,37.0
Harlond Beverly,5.0,miami-fl,8.6,7.4,4.2,30.8,35.0,7.2,2.3,2.3,19.9,31.0,1,9.0,4.0,3.0,35.0
Kameron McGusty,4.0,miami-fl,10.5,3.5,2.5,24.5,30.0,12.5,4.0,1.6,29.5,28.0,0,0,0,0,0
Anthony Walker,5.0,miami-fl,8.4,4.6,0.6,25.0,18.0,3.3,2.1,0.2,12.3,25.0,1,12.0,10.0,0.0,35.0
Nysier Brooks,5.0,miami-fl,7.2,6.8,0.2,27.4,30.0,,,,,0,1,2.0,4.0,0.0,24.0
Matt Cross,5.0,miami-fl,6.8,4.2,1.0,25.2,31.0,,,,,0,1,4.0,2.0,0.0,14.0
Chris Lykes,2.0,miami-fl,15.5,4.0,5.5,28.5,,15.4,2.1,2.4,30.1,26.0,0,0,0,0,0
Deng Gak,4.0,miami-fl,2.0,4.0,0.3,15.3,17.0,1.7,2.0,0.1,12.0,7.0,1,0.0,3.0,0.0,15.0
Elijah Olaniyi,1.0,miami-fl,7.0,2.0,3.0,37.0,,18.0,6.5,2.1,32.6,28.0,1,7.0,2.0,3.0,37.0
Rodney Miller,4.0,miami-fl,0.5,0.5,0.0,5.8,5.0,7.2,5.5,0.5,24.1,30.0,0,0,0,0,0
Willie Herenton,2.0,miami-fl,0.0,0.0,0.0,2.5,,0.8,0.2,0.1,2.5,11.0,1,0.0,0.0,0.0,3.0
Filippos Gkogkos,0.0,miami-fl,,,,,,0.0,0.4,0.0,2.0,7.0,0,0,0,0,0
Earl Timberlake,0.0,miami-fl,,,,,,,,,,0,0,0,0,0,0
Sam Waardenburg,0.0,miami-fl,,,,,,5.9,6.0,1.0,28.1,30.0,0,0,0,0,0
